iter	RMSE
0	14.07118075
1	14.02746294
2	13.98337893
3	13.94050448
4	13.89191116
5	13.84907643
6	13.81083244
7	13.76909043
8	13.72897703
9	13.69494556
10	13.65561283
11	13.62147474
12	13.59209784
13	13.55925606
14	13.51886789
15	13.49188571
16	13.46163796
17	13.42754904
18	13.39484699
19	13.36029036
20	13.33041926
21	13.30069602
22	13.27835269
23	13.25183978
24	13.22484226
25	13.19548379
26	13.16573061
27	13.13809334
28	13.11247864
29	13.09121817
